1, Test Method "apis.ahlymomknapis.TAQA" failed. Please investigate and open a new Issue if needed.
2, Test Method "apis.ahlymomknapis.TelecomEgypt" failed. Please investigate and open a new Issue if needed.
3, Test Method "apis.ahlymomknapis.cashuvouchers" failed. Please investigate and open a new Issue if needed.
4, Test Method "apis.ahlymomknapis.checkBtech" failed. Please investigate and open a new Issue if needed.
5, Test Method "apis.ahlymomknapis.checkgam3ya" failed. Please investigate and open a new Issue if needed.
6, Test Method "apis.ahlymomknapis.checktopup" failed. Please investigate and open a new Issue if needed.
7, Test Method "apis.ahlymomknapis.extraqouta" failed. Please investigate and open a new Issue if needed.
8, Test Method "apis.ahlymomknapis.onecardvouchers" failed. Please investigate and open a new Issue if needed.
9, Test Method "apis.ahlymomknapis.spotify" failed. Please investigate and open a new Issue if needed.
10, Test Method "apis.ahlymomknapis.vodafonenet" failed. Please investigate and open a new Issue if needed.
11, Test Method "apis.ahlymomknapis.vouchers" failed. Please investigate and open a new Issue if needed.